{
  "version": 1,
  "author": "Anonymous maker",
  "editor": "wokwi",
  "parts": [
    { "type": "board-esp32-devkit-c-v4", "id": "esp", "top": -76.8, "left": 43.24, "attrs": {} },
    {
      "type": "wokwi-led",
      "id": "led1",
      "top": 44.4,
      "left": 234.6,
      "attrs": { "color": "purple", "flip": "1" }
    },
    {
      "type": "wokwi-resistor",
      "id": "r1",
      "top": 80.75,
      "left": 172.8,
      "attrs": { "value": "1000" }
    }
  ],
  "connections": [
    [ "esp:TX", "$serialMonitor:RX", "", [] ],
    [ "esp:RX", "$serialMonitor:TX", "", [] ],
    [ "r1:1", "esp:2", "magenta", [ "v0" ] ],
    [ "r1:2", "led1:A", "magenta", [ "v0" ] ],
    [ "led1:C", "esp:GND.2", "black", [ "v0", "h18.8", "v-134.4" ] ]
  ],
  "dependencies": {}
}